{"IcoMoonType":"selection","icons":[{"icon":{"paths":["M512 96c-229.376 0-416 186.624-416 416s186.624 416 416 416 416-186.624 416-416-186.624-416-416-416zM704 544h-160v160h-64v-160h-160v-64h160v-160h64v160h160v64z"],"attrs":[{}],"isMulticolor":false,"isMulticolor2":false,"grid":0,"tags":["addClick"]},"attrs":[{}],"properties":{"order":24,"id":2,"name":"addClick","prevSize":32,"code":59648},"setIdx":0,"setId":4,"iconIdx":0},{"icon":{"paths":["M512 640c70.692 0 128-57.308 128-128s-57.308-128-128-128v0c-70.692 0-128 57.308-128 128s57.308 128 128 128v0z","M981.76 477.184c-52.949-81.835-121.6-151.339-198.571-201.045-85.163-55.040-179.157-84.139-271.829-84.139-85.035 0-168.661 24.32-248.533 72.235-81.493 48.853-155.307 120.235-219.349 212.139-7.172 10.179-11.463 22.836-11.463 36.496 0 12.852 3.798 24.816 10.333 34.832l-0.15-0.245c52.821 82.645 120.747 152.277 196.523 201.301 85.333 55.253 177.109 83.243 272.64 83.243 93.44 0 187.605-28.843 272.384-83.456 76.928-49.493 145.493-119.296 198.187-201.813 6.325-9.795 10.084-21.762 10.084-34.607 0-12.984-3.841-25.071-10.448-35.187l0.151 0.247zM512 704c-106.039 0-192-85.961-192-192s85.961-192 192-192v0c106.039 0 192 85.961 192 192s-85.961 192-192 192v0z"],"attrs":[{},{}],"isMulticolor":false,"isMulticolor2":false,"grid":0,"tags":["eye"]},"attrs":[{},{}],"properties":{"order":22,"id":1,"name":"eye","prevSize":32,"code":59649},"setIdx":0,"setId":4,"iconIdx":1},{"icon":{"paths":["M224 224l40.021 640c1.877 36.992 28.8 64 64 64h368c35.328 0 61.739-27.008 64-64l39.979-640","M160 224h704","M384 224v-80c-0-0.038-0-0.083-0-0.128 0-26.439 21.433-47.872 47.872-47.872 0.045 0 0.090 0 0.135 0l-0.007-0h160c0.051-0 0.111-0 0.171-0 26.415 0 47.829 21.414 47.829 47.829 0 0.060-0 0.12-0 0.18l0-0.009v80","M512 352v448","M368 352l16 448","M656 352l-16 448"],"attrs":[{"fill":"none","strokeLinejoin":"round","strokeLinecap":"round","strokeMiterlimit":"4","strokeWidth":33.391304347826086},{"fill":"none","strokeLinejoin":"round","strokeLinecap":"round","strokeMiterlimit":"4","strokeWidth":33.391304347826086},{"fill":"none","strokeLinejoin":"round","strokeLinecap":"round","strokeMiterlimit":"4","strokeWidth":33.391304347826086},{"fill":"none","strokeLinejoin":"round","strokeLinecap":"round","strokeMiterlimit":"4","strokeWidth":33.391304347826086},{"fill":"none","strokeLinejoin":"round","strokeLinecap":"round","strokeMiterlimit":"4","strokeWidth":33.391304347826086},{"fill":"none","strokeLinejoin":"round","strokeLinecap":"round","strokeMiterlimit":"4","strokeWidth":33.391304347826086}],"isMulticolor":false,"isMulticolor2":false,"grid":0,"tags":["trash"]},"attrs":[{"fill":"none","strokeLinejoin":"round","strokeLinecap":"round","strokeMiterlimit":"4","strokeWidth":33.391304347826086},{"fill":"none","strokeLinejoin":"round","strokeLinecap":"round","strokeMiterlimit":"4","strokeWidth":33.391304347826086},{"fill":"none","strokeLinejoin":"round","strokeLinecap":"round","strokeMiterlimit":"4","strokeWidth":33.391304347826086},{"fill":"none","strokeLinejoin":"round","strokeLinecap":"round","strokeMiterlimit":"4","strokeWidth":33.391304347826086},{"fill":"none","strokeLinejoin":"round","strokeLinecap":"round","strokeMiterlimit":"4","strokeWidth":33.391304347826086},{"fill":"none","strokeLinejoin":"round","strokeLinecap":"round","strokeMiterlimit":"4","strokeWidth":33.391304347826086}],"properties":{"order":23,"id":0,"name":"trash","prevSize":32,"code":59650},"setIdx":0,"setId":4,"iconIdx":2}],"height":1024,"metadata":{"name":"icomoon"},"preferences":{"showGlyphs":true,"showQuickUse":true,"showQuickUse2":true,"showSVGs":true,"fontPref":{"prefix":"icon-","metadata":{"fontFamily":"icomoon"},"metrics":{"emSize":1024,"baseline":6.25,"whitespace":50},"embed":false},"imagePref":{"prefix":"icon-","png":true,"useClassSelector":true,"color":0,"bgColor":16777215,"classSelector":".icon"},"historySize":50,"showCodes":true,"gridSize":16}}